P||1181|0|12|0|E,126,126|R,126
P|AC_L|-1827.4|1300|12|0|E,78.7,78.7|R,47.244
P|AC_N|-1630.6|1300|12|0|E,78.7,78.7|R,47.244
P|AC_L|-1855|390|12|0|E,63,63|R,39.37
P|AC_L_F|-1655|390|12|0|E,63,63|R,39.37
P|AC_L_F|-1317.6|391.9|12|0|E,70.9,70.9|R,47.244
P|AC_N|-1022.4|-1.8|12|0|E,70.9,70.9|R,47.244
P|AC_L_M|-1523.9|1477.2|12|0|R,70.9,70.9|R,47.244
P|AC_N_M|-1523.9|1122.8|12|0|E,70.9,70.9|R,47.244
P|GND|483.9|1831.5|12|0|E,70.9,70.9|R,47.244
P|VMAIN|483.9|768.5|12|0|E,70.9,70.9|R,47.244
P|OUT3|-1924|-1010|12|90|E,98.4,98.4|R,62.992
P|OUT2|-1924|-1210|12|90|E,98.4,98.4|R,62.992
P|AC_N|-1924|-610|12|90|E,98.4,98.4|R,62.992
P|OUT1|-1924|-810|12|90|E,98.4,98.4|R,62.992
P|DIN2|1950|-1075|12|90|E,98.4,98.4|R,62.992
P|DIN1|1950|-1275|12|90|E,98.4,98.4|R,62.992
P|DI_COM|1950|-675|12|90|E,98.4,98.4|R,62.992
P|DIN3|1950|-875|12|90|E,98.4,98.4|R,62.992
P|+5V|-1710|-1765.7|12|90|E,98.4,98.4|R,62.992
P|AC_L_F|-1710|-972|12|90|E,98.4,98.4|R,62.992
P|OUT1|-1410|-834.2|12|90|E,98.4,98.4|R,62.992
P||-1410|-1109.8|12|90|E,98.4,98.4|R,62.992
P|SW1|-1410|-1765.7|12|90|E,98.4,98.4|R,62.992
P|+5V|-605|-1765.7|12|90|E,98.4,98.4|R,62.992
P|AC_L_F|-605|-972|12|90|E,98.4,98.4|R,62.992
P|OUT2|-305|-834.2|12|90|E,98.4,98.4|R,62.992
P||-305|-1109.8|12|90|E,98.4,98.4|R,62.992
P|SW2|-305|-1765.7|12|90|E,98.4,98.4|R,62.992
P|+5V|500|-1765.7|12|90|E,98.4,98.4|R,62.992
P|AC_L_F|500|-972|12|90|E,98.4,98.4|R,62.992
P|OUT3|800|-834.2|12|90|E,98.4,98.4|R,62.992
P||800|-1109.8|12|90|E,98.4,98.4|R,62.992
P|SW3|800|-1765.7|12|90|E,98.4,98.4|R,62.992
P|SW1|-1755|-1103.1|1|90|R,47.2,37.4|-
P|+5V|-1755|-1236.9|1|90|R,47.2,37.4|-
P|SW2|-585|-1103.1|1|90|R,47.2,37.4|-
P|+5V|-585|-1236.9|1|90|R,47.2,37.4|-
P|SW3|650|-1103.1|1|90|R,47.2,37.4|-
P|+5V|650|-1236.9|1|90|R,47.2,37.4|-
P|+5V|763.4|1365|1|0|R,181.1,63|-
P|GND|1056.6|1365|1|0|R,181.1,63|-
P|GND|1275.6|1365|1|0|R,31.5,35.4|-
P|+5V|1220.4|1365|1|0|R,31.5,35.4|-
P|GND|961.9|1664.5|1|0|R,98.4,43.3|-
P|+3V3|961.9|1755|1|0|R,98.4,43.3|-
P|+5V|961.9|1845.6|1|0|R,98.4,43.3|-
P|+3V3|728.1|1755|1|0|R,92.1,141.7|-
P|GND|1096.6|1755|1|0|R,31.5,35.4|-
P|+3V3|1041.4|1755|1|0|R,31.5,35.4|-
P|GND|1106.6|1495|1|0|R,31.5,35.4|-
P|+3V3|1051.4|1495|1|0|R,31.5,35.4|-
P|+5V|1277.7|1846|1|0|R,31.8,34|-
P|$1N9|1218.3|1846|1|0|R,31.8,34|-
P|$1N9|1281.5|1495|1|90|R,31.5,31.5|-
P|GND|1214.5|1495|1|90|R,31.5,31.5|-
P|+5V|1770.6|2107.5|1|0|R,31.5,86.6|-
P|GND|1691.8|2107.5|1|0|R,31.5,86.6|-
P|SDA|1613.1|2107.5|1|0|R,31.5,86.6|-
P|SCL|1534.4|2107.5|1|0|R,31.5,86.6|-
P|GND|1455.6|2107.5|1|0|R,31.5,86.6|-
P|GND|1376.9|2107.5|1|0|R,31.5,86.6|-
P|GND|1298.1|2107.5|1|0|R,31.5,86.6|-
P|GND|1219.4|2107.5|1|0|R,31.5,86.6|-
P||1134.8|1792.5|1|0|R,31.5,129.9|-
P||1855.2|1792.5|1|0|R,31.5,129.9|-
P|+3V3|1835.6|1337.5|1|0|R,31.5,86.6|-
P|GND|1756.8|1337.5|1|0|R,31.5,86.6|-
P|DI1|1678.1|1337.5|1|0|R,31.5,86.6|-
P|DI2|1599.4|1337.5|1|0|R,31.5,86.6|-
P|DI3|1520.6|1337.5|1|0|R,31.5,86.6|-
P||1441.9|1337.5|1|0|R,31.5,86.6|-
P||1363.1|1337.5|1|0|R,31.5,86.6|-
P|GND|1284.4|1337.5|1|0|R,31.5,86.6|-
P||1199.8|1022.5|1|0|R,31.5,129.9|-
P||1920.2|1022.5|1|0|R,31.5,129.9|-
P|RLY1|1835.6|27.5|1|0|R,31.5,86.6|-
P|RLY2|1756.8|27.5|1|0|R,31.5,86.6|-
P|RLY3|1678.1|27.5|1|0|R,31.5,86.6|-
P|GPA3|1599.4|27.5|1|0|R,31.5,86.6|-
P|GPA4|1520.6|27.5|1|0|R,31.5,86.6|-
P|GPA5|1441.9|27.5|1|0|R,31.5,86.6|-
P|GPA6|1363.1|27.5|1|0|R,31.5,86.6|-
P|GPA7|1284.4|27.5|1|0|R,31.5,86.6|-
P||1199.8|-287.5|1|0|R,31.5,129.9|-
P||1920.2|-287.5|1|0|R,31.5,129.9|-
P|DI1|845|840.9|1|180|O,23.6,90.6|-
P|DI2|895|840.9|1|180|O,23.6,90.6|-
P|DI3|945|840.9|1|180|O,23.6,90.6|-
P||995|840.9|1|180|O,23.6,90.6|-
P||1045|840.9|1|180|O,23.6,90.6|-
P||1095|840.9|1|180|O,23.6,90.6|-
P||1145|840.9|1|180|O,23.6,90.6|-
P||1195|840.9|1|180|O,23.6,90.6|-
P|+3V3|1245|840.9|1|180|O,23.6,90.6|-
P|GND|1295|840.9|1|180|O,23.6,90.6|-
P||1345|840.9|1|180|O,23.6,90.6|-
P|SCL|1395|840.9|1|180|O,23.6,90.6|-
P|SDA|1445|840.9|1|180|O,23.6,90.6|-
P|+3V3|1495|840.9|1|180|O,23.6,90.6|-
P|RLY1|845|1239.1|1|180|O,23.6,90.6|-
P|RLY2|895|1239.1|1|180|O,23.6,90.6|-
P|RLY3|945|1239.1|1|180|O,23.6,90.6|-
P|GPA3|995|1239.1|1|180|O,23.6,90.6|-
P|GPA4|1045|1239.1|1|180|O,23.6,90.6|-
P|GPA5|1095|1239.1|1|180|O,23.6,90.6|-
P|GPA6|1145|1239.1|1|180|O,23.6,90.6|-
P|GPA7|1195|1239.1|1|180|O,23.6,90.6|-
P||1245|1239.1|1|180|O,23.6,90.6|-
P||1295|1239.1|1|180|O,23.6,90.6|-
P|INT|1345|1239.1|1|180|O,23.6,90.6|-
P|GND|1395|1239.1|1|180|O,23.6,90.6|-
P|GND|1445|1239.1|1|180|O,23.6,90.6|-
P|GND|1495|1239.1|1|180|O,23.6,90.6|-
P|+3V3|1719.7|910|1|0|R,31.8,34|-
P|SDA|1660.3|910|1|0|R,31.8,34|-
P|+3V3|1719.7|715|1|0|R,31.8,34|-
P|SCL|1660.3|715|1|0|R,31.8,34|-
P|GND|1522.6|559|1|0|R,31.5,35.4|-
P|+3V3|1467.4|559|1|0|R,31.5,35.4|-
P|DI_COM|726.9|375|1|90|R,59.1,78.7|-
P|GND|726.9|275|1|90|R,59.1,78.7|-
P|GND|1093.1|275|1|90|R,59.1,78.7|-
P|DI1|1093.1|375|1|90|R,59.1,78.7|-
P|DI_COM|1181.9|375|1|90|R,59.1,78.7|-
P|GND|1181.9|275|1|90|R,59.1,78.7|-
P|GND|1548.1|275|1|90|R,59.1,78.7|-
P|DI2|1548.1|375|1|90|R,59.1,78.7|-
P|DI_COM|1646.9|375|1|90|R,59.1,78.7|-
P|GND|1646.9|275|1|90|R,59.1,78.7|-
P|GND|2013.1|275|1|90|R,59.1,78.7|-
P|DI3|2013.1|375|1|90|R,59.1,78.7|-
P|DIN1|1069.7|585|1|0|R,31.8,34|-
P|+5V|1010.3|585|1|0|R,31.8,34|-
P|DIN2|1329.7|585|1|0|R,31.8,34|-
P|+5V|1270.3|585|1|0|R,31.8,34|-
P|DIN3|1784.7|585|1|0|R,31.8,34|-
P|+5V|1725.3|585|1|0|R,31.8,34|-
P|+3V3|939.7|65|1|0|R,31.8,34|-
P|DI1|880.3|65|1|0|R,31.8,34|-
P|+3V3|1329.7|130|1|0|R,31.8,34|-
P|DI2|1270.3|130|1|0|R,31.8,34|-
P|+3V3|1719.7|130|1|0|R,31.8,34|-
P|DI3|1660.3|130|1|0|R,31.8,34|-
P||-68.9|-1774.6|1|0|R,11.8,51.2|-
P|CC1|-49.2|-1774.6|1|0|R,11.8,51.2|-
P||-29.5|-1774.6|1|0|R,11.8,51.2|-
P||-9.8|-1774.6|1|0|R,11.8,51.2|-
P||9.8|-1774.6|1|0|R,11.8,51.2|-
P||29.5|-1774.6|1|0|R,11.8,51.2|-
P||49.2|-1774.6|1|0|R,11.8,51.2|-
P|CC2|68.9|-1774.6|1|0|R,11.8,51.2|-
P|GND|-126|-1774.6|1|0|P|R,14.171999999999969
P|GND|126|-1774.6|1|0|P|R,14.173800000000028
P|VBUS|94.5|-1774.6|1|0|P|R,14.173800000000028
P|VBUS|-94.5|-1774.6|1|0|P|R,14.172600000000159
P||170.3|-1969.4|12|0|O,47.2,70.9|S,31.496,47.244
P||170.3|-1804.8|12|0|O,47.2,78.7|S,31.496,59.055
P||-170.3|-1804.8|12|0|O,47.2,78.7|S,31.496,59.055
P||-170.3|-1969.4|12|0|O,47.2,70.9|S,31.496,47.244
P|GND|809.7|-1950|1|0|R,31.8,34|-
P|CC1|750.3|-1950|1|0|R,31.8,34|-
P|GND|1004.7|-1950|1|0|R,31.8,34|-
P|CC2|945.3|-1950|1|0|R,31.8,34|-
P|SWB1|-1390.6|-687.4|1|0|R,39.4,25.6|-
P|GND|-1390.6|-612.6|1|0|R,39.4,25.6|-
P|SW1|-1469.4|-650|1|0|R,39.4,25.6|-
P|SWB2|-350.6|-687.4|1|0|R,39.4,25.6|-
P|GND|-350.6|-612.6|1|0|R,39.4,25.6|-
P|SW2|-429.4|-650|1|0|R,39.4,25.6|-
P|SWB3|754.4|-687.4|1|0|R,39.4,25.6|-
P|GND|754.4|-612.6|1|0|R,39.4,25.6|-
P|SW3|675.6|-650|1|0|R,39.4,25.6|-
P|SWB1|-1270.3|-598|1|0|R,31.8,34|-
P|RLY1|-1329.7|-598|1|0|R,31.8,34|-
P|SWB2|224.7|-520|1|0|R,31.8,34|-
P|RLY2|165.3|-520|1|0|R,31.8,34|-
P|SWB3|1719.7|-520|1|0|R,31.8,34|-
P|RLY3|1660.3|-520|1|0|R,31.8,34|-
P|VMAIN|955.3|622.4|1|180|R,39.4,31.5|-
P|+5V|864.7|585|1|180|R,39.4,31.5|-
P|+5V|955.3|547.6|1|180|R,39.4,31.5|-
P|VBUS|344.3|-1782.6|1|180|R,39.4,31.5|-
P|+5V|253.7|-1820|1|180|R,39.4,31.5|-
P|+5V|344.3|-1857.4|1|180|R,39.4,31.5|-
P|GND|-1487.3|-845|1|0|R,31.8,34|-
P|SWB1|-1546.7|-845|1|0|R,31.8,34|-
P|GND|159.7|-845|1|0|R,31.8,34|-
P|SWB2|100.3|-845|1|0|R,31.8,34|-
P|GND|1654.7|-845|1|0|R,31.8,34|-
P|SWB3|1595.3|-845|1|0|R,31.8,34|-
P|AC_L_F|-641.6|260|12|0|E,60,60|R,36
P|AC_N|-346.4|260|12|0|E,60,60|R,36
P|AC_L_F|-1103.7|-127.2|12|0|E,60,60|R,36
P|AC_L_M|-946.3|-127.2|12|0|E,60,60|R,36
P|AC_N_M|-946.3|-272.8|12|0|E,60,60|R,36
P|AC_N|-1103.7|-272.8|12|0|E,60,60|R,36
P||-1181|0|12|0|E,126,126|R,126
T|AC_L|1|60|-1827,1300,-1827,650,-1855,650,-1855,390
T|AC_N|1|60|-1631,1300,-1631,1100,-1022,1100,-1022,-2
T|AC_N|1|60|-1022,-2,-346,-2,-346,260
T|AC_N|1|60|-1022,-2,-1524,-2,-1524,1123
T|AC_N|1|60|-1022,-2,-1960,-2,-1960,-610,-1924,-610
T|AC_L_F|1|60|-1655,390,-1318,390
T|AC_L_F|1|60|-1318,392,-1000,392,-1000,260,-642,260
T|AC_L_F|1|60|-1655,390,-1900,390,-1900,-972,-1710,-972
T|AC_L_F|1|60|-1900,-972,-605,-972
T|AC_L_F|1|60|-1900,-972,500,-972
T|AC_L_F|1|60|-1000,392,-1104,392,-1104,-5
T|AC_L_M|2|60|-946,-5,-800,-5,-800,1477,-1524,1477
T|AC_N_M|1|60|-946,-151,-1200,-151,-1200,1123,-1524,1123
T|AC_N|1|60|-1022,-2,-1104,-2,-1104,-151
T|OUT1|2|120|-1410,-834.2,-1924,-810
T|OUT2|2|120|-305,-834.2,-430,-834.2,-430,-1230,-1924,-1230,-1924,-1210
T|OUT3|2|120|800,-834.2,920,-834.2,920,-1500,-2100,-1500,-2100,-1010,-1924,-1010
