T|VMAIN|1|40|495,735,595,635,905,635,915,625,945,625
T|VBUS|1|12|95,-1795,95,-1815,-95,-1815,-95,-1795
T|VBUS|1|40|95,-1795,95,-1805,315,-1785,325,-1785
T|VBUS|2|40|95,-1815,115,-1835,115,-1875,225,-1875,305,-1795
T|RLY1|1|12|1825,65,1755,135,1755,165,1695,225,1485,225,1105,605,1105,625,955,775,815,775,815,905,845,935,845,1195
T|RLY1|1|12|1825,-15,1275,-565,-1305,-565,-1325,-585
T|RLY2|1|12|1745,65,1715,95,1625,95,1525,195,1475,195,1135,535,1115,535,895,935,895,1195
T|RLY2|2|12|1105,535,895,745,895,925
T|RLY2|1|12|1745,-15,1275,-485,195,-485,175,-505
T|RLY3|1|12|1665,-15,1665,-505
T|RLY3|2|12|1665,-25,1665,-235
T|RLY3|2|12|1665,45,965,745,965,925
T|RLY3|1|12|965,935,945,955,945,1195
T|DIN1|1|12|1915,-1245,1295,-625,1295,-615,1125,-435,1065,-375,1065,195,1035,225,1035,425,1065,455,1065,575
T|DIN1|2|12|1295,-605,1135,-445
T|DIN2|1|12|1915,-1045,1875,-1005,1875,85,1705,255,1705,425,1555,575,1555,595,1435,595,1425,585,1345,585
T|DIN3|1|12|1975,-835,1975,-755,2015,-715,2015,-635,1955,-575,1955,-205,1905,-155,1905,95,1785,215,1785,575
T|DI_COM|2|12|1925,-635,1705,-415,1705,5,1695,15,1695,55,1645,105,1645,335
T|DI_COM|1|12|1645,345,1645,355
T|DI_COM|2|12|1915,-645,1895,-645,1335,-85
T|DI_COM|1|12|1325,-75,1315,-65,1315,85,1305,95,1235,95,1235,215,1245,225,1245,325,1215,355
T|DI_COM|2|12|1165,375,995,375
T|DI_COM|1|12|985,375,765,375
T|DI1|1|12|1665,1295,1475,1105,1165,1105,1055,995,1005,995,1095,415,1095,395
T|DI1|2|12|995,995,975,975,865,975,855,965,855,905,865,895,865,735,1065,535,1065,505,1095,475,1095,425
T|DI1|1|12|1085,355,885,145,885,75
T|DI1|2|12|1085,345,895,155
T|DI2|1|12|1585,1295,1565,1275,1545,495,1545,395
T|DI2|2|12|1555,1265,1545,1255,1545,505
T|DI2|1|12|1585,1375,1575,1375,1555,1395,1325,1395,1315,1405,1295,1405,1285,1415,1295,175,1275,155,1275,145
T|DI2|2|12|1275,1425,825,975,825,895,835,885,835,725,845,715,845,115,855,105,915,105,945,135,1255,135,1285,165
T|DI3|2|12|1535,1325,1555,1305,1585,1305,1665,1225,1665,395,1685,375,1685,315,1675,305,1675,195
T|DI3|1|12|1675,185,1665,175,1665,145
T|DI3|2|12|1665,145,1705,145,1925,365
T|DI3|1|12|1935,375,1975,375
T|SDA|1|12|1625,2065,1665,2025,1665,1445,1715,1395,1715,1275,1665,1225,1665,925
T|SDA|1|12|1645,895,1615,865,1615,595,1445,645,1445,805
T|SDA|2|12|1615,585,1585,555,1585,465,1575,455,1515,455,1445,525,1445,635
T|SCL|1|12|1525,2065,1395,1935,1395,885
T|SCL|2|12|1395,1445,1395,1065
T|SCL|1|12|1545,2145,1555,2145,1575,2165,1725,2165,1725,1465,1795,1395,1795,1275,1755,1235,1755,875,1665,785,1665,725
T|GPA3|1|12|1585,65,1545,105,1415,105,995,1225
T|GPA3|2|12|1405,105,955,105,925,75,845,75,815,105,815,705,805,715,805,875,795,885,795,985,995,1185,995,1215
T|GPA4|1|12|1505,-15,1495,-15,1475,-35,1435,-35,1355,-115,1295,-115,1265,-85,1125,-85,765,695,785,715,785,915,815,945,815,1305,1025,1305,1045,1285,1045,1275
T|GPA4|2|12|1115,-85,985,45,835,45,785,95,785,675,775,685
T|GPA5|1|12|1435,5,1425,5,1175,1425,1165,1415,1165,1315,1155,1305,1115,1305,1095,1285,1095,1275
T|GPA5|2|12|1415,5,1305,5,1225,-75,1215,-75,1205,-85,1185,-85,1145,-125,1085,-125,945,15,825,15,755,85,755,635,725,665,725,725,765,765,765,995,955,1185,955,1255,965,1265,1015,1265,1165,1415
T|GPA6|2|12|1365,45,1445,45,1455,35,1455,-25,1445,-35,1295,-35,1295,-45,1285,-45,1285,-55,1235,-105,1225,-105,1215,-115,1195,-115,1155,-155,1075,-155,935,-15,815,-15,725,75,725,625,695,655,695,735,735,775,735,1005,925,1195,925,1265,955,1295,975,1295,1145,1465,1305,1465,1315,1455,1315,1395,1155,1235
T|SW1|1|12|-1445,-1735,-1715,-1465,-1715,-1195,-1755,-1155,-1755,-1125
T|SW1|1|12|-1745,-1085,-1705,-1045,-1695,-1045,-1685,-1035,-1675,-1035,-1665,-1025,-1655,-1025,-1585,-955,-1585,-805,-1465,-685,-1465,-655
T|SW2|1|12|-345,-1745,-545,-1545,-545,-1195,-585,-1155,-585,-1125
T|SW2|1|12|-575,-1085,-425,-935,-425,-655
T|SW3|1|12|765,-1735,685,-1655,685,-1195,655,-1165,655,-1125
T|SW3|1|12|665,-1085,675,-1075,675,-655
T|SWB1|1|12|-1375,-675,-1335,-635,-1295,-635,-1275,-615
T|SWB1|1|12|-1405,-695,-1545,-835
T|SWB2|1|12|-335,-695,-185,-845,85,-845
T|SWB3|1|12|765,-695,795,-725,845,-725,865,-745,875,-745,965,-835,1595,-835
T|SWB3|2|12|1435,-835,1585,-835
T|SWB3|1|12|1585,-835,1405,-835,1715,-525
T|SWB3|2|12|1395,-835,1395,-805,1675,-525,1705,-525
T|$1N9|1|12|1225,1835,1285,1775,1285,1505
T|+5V|1|40|-1745,-1735,-1755,-1725,-1755,-1255
T|+5V|1|40|-1665,-1785,-1515,-1785,-1465,-1835,-1455,-1835,-1445,-1845,-1375,-1845,-1365,-1835,-1355,-1835,-1285,-1765,-645,-1765
T|+5V|1|40|-585,-1725,-585,-1255
T|+5V|1|12|-565,-1785,-525,-1825,-345,-1825,-335,-1835,-245,-1835,-215,-1865,215,-1865,245,-1835
T|+5V|1|40|-585,-1805,-585,-1825,-545,-1865,-365,-1865,-355,-1875,-265,-1875,-235,-1905,235,-1905,285,-1855,325,-1855
T|+5V|2|40|355,-1855,445,-1765,455,-1765
T|+5V|1|40|525,-1725,645,-1605,645,-1255
T|+5V|1|12|635,-1215,635,-1185,625,-1175,625,-1155,615,-1145,615,-625,795,-435,845,-385,845,175,865,195,865,275,885,295,895,525,865,555,865,575
T|+5V|2|12|615,-615,785,-445,895,305,895,515
T|+5V|1|12|875,585,895,585,915,565,925,565,945,545
T|+5V|2|40|945,545,965,545
T|+5V|1|40|975,535,985,535,1015,565,1015,575
T|+5V|2|40|665,-1215,685,-1195,825,-1195,835,-1185,845,-1185,1135,-895,1615,-895,1625,-885,1635,-885,1705,-815,1815,-115,1815,155,1865,205
T|+5V|1|40|1715,-805,1725,-795,1725,-615,1765,-575,1765,-555,1775,-545,1775,-155,1805,-125,1875,215,1835,255,1835,635,1745,635,1725,615,1725,595
T|+5V|1|12|1255,595,1255,625,1245,635,1245,735,1345,1495,1315,1465,1245,1465,1225,1445,1225,1375
T|+5V|2|12|1245,745,1245,1285,1345,1385,1345,1485
T|+5V|2|40|1285,595,1285,695,1295,705,1295,715,1305,725,1305,875,1445,1015,1445,1025,1455,1035,1455,1465,1445,1475,1445,1485,1385,1545,1375,1545,1365,1555,1325,1555,1315,1545,1305,1545,1265,1505,1125,1505,985,1365,925,1365
T|+5V|1|40|915,1365,845,1365
T|+5V|1|40|815,1395,815,1415,875,1475,875,1795,925,1845,1035,1845,1085,1895,1255,1895,1275,1875,1275,1855
T|+5V|1|40|1265,1855,1255,1865,1255,1875,1075,1875,1045,1845,1005,1845
T|+5V|1|40|1285,1855,1795,2105,1785,2105
T|+5V|2|40|1295,1865,1535,2105,1785,2105
T|+3V3|1|40|1005,1755,1035,1755
T|+3V3|2|40|935,1755,815,1755
T|+3V3|1|40|805,1755,765,1755
T|+3V3|2|40|1055,1745,1055,1725
T|+3V3|1|40|1055,1715,1055,1505
T|+3V3|1|12|1065,1505,1495,985,1495,885
T|+3V3|2|12|1075,1515,1105,1545,1245,1545,1285,1585,1295,1585,1305,1595,1385,1595,1395,1585,1405,1585,1495,1495,1495,995
T|+3V3|1|12|1495,885,1495,1165,1515,1185,1515,1295,1525,1305,1525,1335,1715,915
T|+3V3|2|12|1495,1005,1495,1135,1525,1345,1525,1355,1545,1355,1565,1335,1595,1335,1715,1215,1715,925
T|+3V3|1|40|1065,1505,1075,1515,1075,1565,1815,1205,1795,1185,1795,855,1715,775,1715,725
T|+3V3|2|40|1075,1575,1085,1585,1225,1585,1265,1625,1275,1625,1285,1635,1405,1635,1415,1625,1425,1625,1715,1335,1715,1305,1805,1215
T|+3V3|2|40|1485,835,1465,815,1465,755,1395,685,1395,675,1385,665,1385,625,1395,615,1395,605,1405,595,1405,485
T|+3V3|1|40|1405,475,1465,535,1465,545
T|+3V3|1|40|1735,725,1735,785,1815,865,1815,1095,1845,1135,1845,1145,1865,1165,1865,1175,1875,1185,1875,1225,1865,1235,1865,1245,1835,1275,1835,1295
T|+3V3|2|40|1815,1105,1835,1125
T|+3V3|2|12|1345,135,1365,135,1375,145,1435,145,1445,135,1445,85,1485,45,1485,-35,1455,-65,1455,-75,1115,-205,1095,-185,1065,-185,965,-85,945,-85
T|+3V3|1|12|1455,-85,1425,-85,1365,-145,1175,-145,1125,-195,935,-85,935,55
V|VBUS|95|-1815
V|VBUS|315|-1785
V|RLY2|1105|535
V|RLY2|895|935
V|RLY3|1665|-25
V|RLY3|1665|-245
V|RLY3|965|935
V|DIN1|1295|-605
V|DIN1|1125|-435
V|DI_COM|1645|345
V|DI_COM|1325|-75
V|DI_COM|985|375
V|DI1|995|995
V|DI1|1095|415
V|DI1|1085|345
V|DI1|885|145
V|DI2|1555|1265
V|DI2|1545|495
V|DI2|1275|1425
V|DI2|1295|175
V|DI3|1675|185
V|DI3|1935|375
V|SDA|1615|585
V|SDA|1445|645
V|SCL|1395|1445
V|SCL|1395|1055
V|GPA3|1405|105
V|GPA3|995|1225
V|GPA4|1115|-85
V|GPA4|765|695
V|GPA5|1415|5
V|GPA5|1175|1425
V|GPA6|1145|1235
V|SWB3|1435|-835
V|SWB3|1595|-835
V|SWB3|1395|-835
V|SWB3|1715|-525
V|+5V|615|-615
V|+5V|795|-435
V|+5V|895|305
V|+5V|895|525
V|+5V|975|535
V|+5V|1715|-805
V|+5V|1815|-115
V|+5V|1875|215
V|+5V|1245|745
V|+5V|1345|1495
V|+5V|915|1365
V|+5V|1295|1865
V|+5V|1795|2105
V|+3V3|805|1755
V|+3V3|1055|1715
V|+3V3|1075|1515
V|+3V3|1495|985
V|+3V3|1495|1005
V|+3V3|1495|1145
V|+3V3|1525|1345
V|+3V3|1715|915
V|+3V3|1075|1575
V|+3V3|1815|1205
V|+3V3|1405|475
V|+3V3|1815|1105
V|+3V3|1845|1135
V|+3V3|1455|-85
V|+3V3|1115|-205
V|+3V3|935|-85
T|CC1|1|7|-49.2,-1774.6,-49.2,-1819
T|CC1|1|12|-49.2,-1819,-49.2,-1890
T|CC2|1|7|68.9,-1774.6,68.9,-1819
T|CC2|1|12|68.9,-1819,68.9,-1890
