序号	数量	元件名	位号	器件编号	立创编号
1	1	KF301-2P接线端子	J1	KF301-2P接线端子	C9900016950
2	1	D21121400173-3.15A/250V慢断	F1	D21121400173-3.15A/250V慢断	C9900004519
3	1	14D431K	RV1	14D431K	C233160
4	1	HLK-20M05	U1	HLK-20M05	C3000904
5	1	16V470UF	C1	16V470UF	C9900014916
6	3	CC0603KRX7R9BB104	C2,C4,C5	CC0603KRX7R9BB104	C14663
7	1	AMS1117-3.3	U2	AMS1117-3.3	C2891839
8	1	CL10A106KP8NNNC	C3	CL10A106KP8NNNC	C19702
9	1	0603WAF1001T5E	R7	0603WAF1001T5E	C21190
10	1	HX_R_002(RED)	LED1	HX_R_002(RED)	C9900010499
11	3	HF115F/005-1ZS1	K1,K2,K3	HF115F/005-1ZS1	C2976779
12	3	1N4148W	D1,D2,D3	1N4148W	C2892570
13	2	KF129-5.08-4P	J3,J4	KF129-5.08-4P	C9900018789
14	3	PC817X2NIP0F	U6,U7,U8	PC817X2NIP0F	C7437
15	3	0603WAF6800T5E	R10,R8,R9	0603WAF6800T5E	C23228
16	6	0603WAF1002T5E	R11,R12,R13,R20,R21,R22	0603WAF1002T5E	C25804
17	1	MCP23017-E/SO	U9	MCP23017-E/SO	C47023
18	2	0603WAF4701T5E	R14,R15	0603WAF4701T5E	C23162
19	3	Header1X8	J2,J5,J6	Header1X8	C9900008949
20	1	TYPE-C-31-M-12	U10	TYPE-C-31-M-12	C165948
21	2	0603WAF5101T5E	R16,R17	0603WAF5101T5E	C23186
22	3	S8050	Q1,Q2,Q3	S8050	C2931719
23	2		Q4,Q5		C15127
24	1	等级:X2 100nF ±10% 275V 安规电容	C6	等级:X2 100nF ±10% 275V 安规电容	C9900009393
25	1	共模电感9*5*3	L1	共模电感9*5*3	C9900009115
26	3	0603WAF3300T5E	R4,R5,R6	0603WAF3300T5E	C23138
